ID,Purchase
137351,11552.793059601941
207707,8235.563277025245
242101,525.6240472612724
200104,37652.504524685435
244229,525.6240472612724
152879,6558.1974030163165
208379,8160.874719072039
245232,525.6240472612724
244780,525.6240472612724
232008,6340.282880330739
228699,525.6240472612724
224078,525.6240472612724
239826,525.6240472612724
209895,525.6240472612724
235770,525.6240472612724
226045,6340.282880330739
235875,6340.282880330739
245083,525.6240472612724
241570,525.6240472612724
243468,525.6240472612724
232314,525.6240472612724
242404,525.6240472612724
225169,525.6240472612724
237177,525.6240472612724
231682,525.6240472612724
202788,525.6240472612724
243216,525.6240472612724
209193,525.6240472612724
236171,525.6240472612724
244073,525.6240472612724
214085,2207.4430114135866
246118,525.6240472612724
244016,525.6240472612724
227982,525.6240472612724
243967,525.6240472612724
220702,4078.707415809584
198134,525.6240472612724
209546,525.6240472612724
237456,2631.337193178984
207916,525.6240472612724
212493,525.6240472612724
184254,525.6240472612724
242766,525.6240472612724
211825,525.6240472612724
146536,11740.690352034431
193794,525.6240472612724
199504,4078.707415809584
157703,2207.4430114135866
232164,525.6240472612724
243178,525.6240472612724
173546,11051.845408163303
245265,525.6240472612724
203757,11737.346982841826
201265,525.6240472612724
193495,2207.4430114135866
219584,525.6240472612724
244662,525.6240472612724
226002,525.6240472612724
239936,525.6240472612724
246061,525.6240472612724
217332,525.6240472612724
192566,525.6240472612724
172018,8160.874719072039
182670,4032.653008959006
242636,525.6240472612724
232097,11760.881061956115
203888,6558.1974030163165
229092,6632.885960969523
241178,525.6240472612724
202131,525.6240472612724
220064,2607.3668079201516
232230,2607.3668079201516
179616,525.6240472612724
225381,525.6240472612724
245356,525.6240472612724
245056,525.6240472612724
209317,525.6240472612724
202654,525.6240472612724
238636,525.6240472612724
242497,525.6240472612724
211434,525.6240472612724
223307,525.6240472612724
243788,525.6240472612724
243862,525.6240472612724
203834,525.6240472612724
207553,2631.337193178984
243644,525.6240472612724
223593,2631.337193178984
227153,2207.4430114135866
212457,525.6240472612724
181383,4078.707415809584
171377,525.6240472612724
242987,525.6240472612724
208230,6632.885960969523
198638,525.6240472612724
219949,525.6240472612724
207651,525.6240472612724
224597,525.6240472612724
243946,525.6240472612724
237463,525.6240472612724
229466,525.6240472612724
231089,525.6240472612724
200130,525.6240472612724
189962,525.6240472612724
187659,6306.626902788529
198479,2631.337193178984
233484,525.6240472612724
171620,525.6240472612724
230083,525.6240472612724
193771,525.6240472612724
240082,525.6240472612724
203145,525.6240472612724
204095,525.6240472612724
208831,525.6240472612724
244411,525.6240472612724
185427,2631.337193178984
234393,525.6240472612724
214030,525.6240472612724
213157,525.6240472612724
236264,2607.3668079201516
244746,525.6240472612724
203283,525.6240472612724
227513,525.6240472612724
243231,525.6240472612724
233945,525.6240472612724
212879,2207.4430114135866
234587,525.6240472612724
230255,6340.282880330739
183526,6558.1974030163165
211245,525.6240472612724
213345,26136.451911200817
189358,17086.976551135765
125586,525.6240472612724
244194,525.6240472612724
169578,525.6240472612724
218745,4078.707415809584
240192,525.6240472612724
205878,4078.707415809584
222970,2207.4430114135866
200473,4078.707415809584
172475,2607.3668079201516
215437,2607.3668079201516
102593,525.6240472612724
222148,6381.315460741735
224267,525.6240472612724
219720,525.6240472612724
223740,2607.3668079201516
212540,525.6240472612724
226609,525.6240472612724
239800,525.6240472612724
241582,525.6240472612724
182043,2631.337193178984
234025,525.6240472612724
235077,525.6240472612724
246176,525.6240472612724
236668,525.6240472612724
244202,525.6240472612724
238988,525.6240472612724
230942,525.6240472612724
203849,525.6240472612724
185020,37612.05801238487
239882,525.6240472612724
190243,11542.566672795347
214473,525.6240472612724
244968,525.6240472612724
215752,525.6240472612724
222160,525.6240472612724
224837,525.6240472612724
197391,525.6240472612724
191675,525.6240472612724
245507,525.6240472612724
230621,22527.68119735883
243999,525.6240472612724
240908,525.6240472612724
203915,525.6240472612724
222492,42790.71067496976
244309,525.6240472612724
167497,525.6240472612724
245212,525.6240472612724
223278,2631.337193178984
238270,525.6240472612724
223146,525.6240472612724
242250,525.6240472612724
227656,525.6240472612724
114764,6306.626902788529
237269,525.6240472612724
205855,6632.885960969523
244711,525.6240472612724
222503,525.6240472612724
183425,525.6240472612724
188594,525.6240472612724
204474,525.6240472612724
162131,6558.1974030163165
227899,525.6240472612724
192001,525.6240472612724
237097,525.6240472612724
212063,525.6240472612724
226130,525.6240472612724
242907,525.6240472612724
216114,525.6240472612724
199398,525.6240472612724
236470,525.6240472612724
243402,2607.3668079201516
221633,525.6240472612724
237823,525.6240472612724
188616,4032.653008959006
172786,525.6240472612724
152745,525.6240472612724
229105,525.6240472612724
228858,525.6240472612724
208590,525.6240472612724
193442,525.6240472612724
207629,525.6240472612724
199721,525.6240472612724
227840,525.6240472612724
235467,525.6240472612724
170445,525.6240472612724
188978,525.6240472612724
246180,525.6240472612724
241489,525.6240472612724
225845,525.6240472612724
192634,4078.707415809584
244724,525.6240472612724
240220,525.6240472612724
236023,525.6240472612724
203430,525.6240472612724
193470,6632.885960969523
229167,6632.885960969523
241696,525.6240472612724
241245,525.6240472612724
234897,525.6240472612724
239308,525.6240472612724
138086,525.6240472612724
155351,525.6240472612724
172672,2631.337193178984
189833,525.6240472612724
189242,42796.12972258881
230333,2631.337193178984
192937,525.6240472612724
238493,525.6240472612724
242690,525.6240472612724
239250,525.6240472612724
181318,6632.885960969523
227698,525.6240472612724
224257,525.6240472612724
225203,525.6240472612724
237581,525.6240472612724
242658,525.6240472612724
210368,525.6240472612724
203415,525.6240472612724
225738,525.6240472612724
242158,525.6240472612724
223335,525.6240472612724
236198,525.6240472612724
231943,11760.881061956115
241947,525.6240472612724
219657,525.6240472612724
241402,525.6240472612724
189905,525.6240472612724
227678,525.6240472612724
183141,6381.315460741735
241210,525.6240472612724
197786,4078.707415809584
216520,2631.337193178984
203649,525.6240472612724
49939,525.6240472612724
204493,2631.337193178984
229266,525.6240472612724
190589,2607.3668079201516
246162,525.6240472612724
230498,11566.100751909635
246008,525.6240472612724
239134,525.6240472612724
214536,525.6240472612724
191548,525.6240472612724
183829,525.6240472612724
184089,8235.563277025245
217217,2207.4430114135866
235410,2631.337193178984
244670,525.6240472612724
243489,525.6240472612724
238642,525.6240472612724
240042,525.6240472612724
242757,525.6240472612724
221369,525.6240472612724
243096,525.6240472612724
244564,525.6240472612724
239875,6340.282880330739
198082,525.6240472612724
211703,6306.626902788529
237435,525.6240472612724
209335,525.6240472612724
45548,525.6240472612724
226025,525.6240472612724
173909,15897.717904111449
221482,525.6240472612724
225757,525.6240472612724
225507,2207.4430114135866
211061,4078.707415809584
240603,525.6240472612724
234762,2207.4430114135866
233924,525.6240472612724
224018,525.6240472612724
223724,6340.282880330739
232371,525.6240472612724
138719,525.6240472612724
244452,525.6240472612724
245528,525.6240472612724
189707,6265.594322377534
212039,525.6240472612724
199304,11737.346982841826
228584,525.6240472612724
201938,6381.315460741735
233478,6381.315460741735
193030,525.6240472612724
190195,525.6240472612724
204044,525.6240472612724
190060,525.6240472612724
201534,525.6240472612724
235996,525.6240472612724
193278,2631.337193178984
238938,525.6240472612724
244221,525.6240472612724
223143,525.6240472612724
209888,525.6240472612724
180740,525.6240472612724
199039,525.6240472612724
225071,525.6240472612724
224215,525.6240472612724
183512,8235.563277025245
188654,4078.707415809584
139476,525.6240472612724
202331,2631.337193178984
163621,525.6240472612724
209782,6381.315460741735
233051,525.6240472612724
198519,525.6240472612724
190931,6306.626902788529
218548,525.6240472612724
188567,42560.27432236896
227838,525.6240472612724
189730,525.6240472612724
164041,2607.3668079201516
223339,525.6240472612724
243450,525.6240472612724
205481,525.6240472612724
245899,525.6240472612724
230243,2207.4430114135866
201457,525.6240472612724
245033,525.6240472612724
206553,6340.282880330739
237543,525.6240472612724
228369,525.6240472612724
234894,525.6240472612724
231863,525.6240472612724
239682,525.6240472612724
175897,2631.337193178984
187702,6632.885960969523
172113,6306.626902788529
192492,8160.874719072039
235582,525.6240472612724
245368,525.6240472612724
210411,11760.881061956115
200841,525.6240472612724
223134,525.6240472612724
244946,525.6240472612724
243271,525.6240472612724
199914,26136.451911200817
191130,525.6240472612724
216453,525.6240472612724
194018,525.6240472612724
230869,2631.337193178984
246419,525.6240472612724
198033,525.6240472612724
234464,525.6240472612724
169568,525.6240472612724
200653,6340.282880330739
243170,525.6240472612724
171970,525.6240472612724
233367,525.6240472612724
202350,6381.315460741735
187154,525.6240472612724
201958,525.6240472612724
230068,525.6240472612724
228386,2631.337193178984
240166,2207.4430114135866
238390,525.6240472612724
213354,525.6240472612724
237407,525.6240472612724
203780,2207.4430114135866
235735,525.6240472612724
209301,4078.707415809584
215651,4078.707415809584
243155,525.6240472612724
230818,525.6240472612724
239441,2207.4430114135866
243300,525.6240472612724
232318,2207.4430114135866
246423,525.6240472612724
242302,525.6240472612724
228223,525.6240472612724
200138,2607.3668079201516
244835,525.6240472612724
204396,525.6240472612724
193173,525.6240472612724
179746,6632.885960969523
237155,525.6240472612724
240606,525.6240472612724
214207,4078.707415809584
194017,2631.337193178984
216701,2207.4430114135866
203606,525.6240472612724
205943,11038.53771585561
242407,525.6240472612724
204153,525.6240472612724
210304,525.6240472612724
244447,525.6240472612724
246164,525.6240472612724
244255,525.6240472612724
183220,2631.337193178984
232776,525.6240472612724
235370,525.6240472612724
203362,11760.881061956115
244916,525.6240472612724
223987,525.6240472612724
184312,6265.594322377534
208684,525.6240472612724
230283,4032.653008959006
245436,525.6240472612724
216237,525.6240472612724
211241,8235.563277025245
198150,6340.282880330739
222190,525.6240472612724
223578,6632.885960969523
200746,525.6240472612724
214371,525.6240472612724
191910,525.6240472612724
241659,525.6240472612724
241487,525.6240472612724
146974,525.6240472612724
222109,525.6240472612724
234839,525.6240472612724
227890,2607.3668079201516
234505,525.6240472612724
238456,525.6240472612724
245717,525.6240472612724
208096,2207.4430114135866
235149,525.6240472612724
224930,525.6240472612724
214096,2607.3668079201516
216860,525.6240472612724
235710,525.6240472612724
212911,6381.315460741735
183513,525.6240472612724
225359,6381.315460741735
192310,2607.3668079201516
193910,2607.3668079201516
244702,525.6240472612724
245127,525.6240472612724
203417,525.6240472612724
222172,525.6240472612724
170369,6381.315460741735
229773,8235.563277025245
212692,12152.121340019177
205347,6340.282880330739
213938,2607.3668079201516
237365,525.6240472612724
140201,525.6240472612724
172823,525.6240472612724
234321,525.6240472612724
239768,525.6240472612724
219451,2207.4430114135866
243707,525.6240472612724
216255,525.6240472612724
193172,2607.3668079201516
202151,6381.315460741735
238303,525.6240472612724
215517,525.6240472612724
245523,525.6240472612724
192621,2607.3668079201516
244279,525.6240472612724
193786,6340.282880330739
242835,525.6240472612724
246045,525.6240472612724
231887,6632.885960969523
245599,525.6240472612724
210697,2631.337193178984
231944,525.6240472612724
157305,525.6240472612724
232479,525.6240472612724
235704,525.6240472612724
183546,6632.885960969523
238165,525.6240472612724
199103,4032.653008959006
205603,525.6240472612724
183488,525.6240472612724
214000,2207.4430114135866
118359,525.6240472612724
243573,525.6240472612724
217168,2607.3668079201516
204061,2207.4430114135866
229534,525.6240472612724
245271,525.6240472612724
194430,525.6240472612724
237659,525.6240472612724
175092,525.6240472612724
244532,525.6240472612724
241310,525.6240472612724
230169,2207.4430114135866
211204,2207.4430114135866
181343,525.6240472612724
201467,525.6240472612724
224624,525.6240472612724
242670,525.6240472612724
226196,525.6240472612724
214038,525.6240472612724
238985,525.6240472612724
224592,525.6240472612724
242270,525.6240472612724
202088,6632.885960969523
231538,525.6240472612724
208384,525.6240472612724
242348,11038.53771585561
198288,525.6240472612724
49756,4032.653008959006
18122,4032.653008959006
244743,525.6240472612724
217153,525.6240472612724
200989,525.6240472612724
207952,525.6240472612724
234380,525.6240472612724
245037,525.6240472612724
245090,525.6240472612724
235029,2607.3668079201516
216699,525.6240472612724
198648,10931.213103734986
207509,525.6240472612724
243760,525.6240472612724
243996,525.6240472612724
228897,525.6240472612724
229914,525.6240472612724
243929,525.6240472612724
233476,525.6240472612724
215212,2631.337193178984
226656,525.6240472612724
231677,16855.38435906499
189607,2207.4430114135866
208156,525.6240472612724
200298,2207.4430114135866
241158,525.6240472612724
208451,6340.282880330739
222342,525.6240472612724
169907,525.6240472612724
232876,525.6240472612724
80,11566.100751909635
177522,2607.3668079201516
188657,2207.4430114135866
223982,525.6240472612724
213376,525.6240472612724
228799,525.6240472612724
199244,2607.3668079201516
244579,525.6240472612724
237477,525.6240472612724
224163,525.6240472612724
198733,525.6240472612724
206113,26194.287317117567
233932,525.6240472612724
194089,2607.3668079201516
238354,525.6240472612724
219872,525.6240472612724
202325,11760.881061956115
202769,525.6240472612724
110606,525.6240472612724
242773,525.6240472612724
210555,2607.3668079201516
237919,525.6240472612724
201860,6632.885960969523
178566,2207.4430114135866
171402,525.6240472612724
190430,2631.337193178984
173040,525.6240472612724
173165,525.6240472612724
162315,525.6240472612724
223557,525.6240472612724
241586,525.6240472612724
207872,2207.4430114135866
157707,2207.4430114135866
244517,6340.282880330739
240047,525.6240472612724
221434,2631.337193178984
184133,6265.594322377534
220414,6632.885960969523
210489,6381.315460741735
207744,525.6240472612724
233168,525.6240472612724
214418,2207.4430114135866
210119,525.6240472612724
210925,525.6240472612724
233170,525.6240472612724
201991,2607.3668079201516
231120,525.6240472612724
214658,525.6240472612724
241433,525.6240472612724
241276,525.6240472612724
224812,525.6240472612724
234196,525.6240472612724
205644,525.6240472612724
229285,525.6240472612724
226679,525.6240472612724
232444,525.6240472612724
219647,525.6240472612724
208869,525.6240472612724
214291,525.6240472612724
238076,525.6240472612724
232396,525.6240472612724
211635,2207.4430114135866
223957,525.6240472612724
207968,525.6240472612724
246092,525.6240472612724
230503,6340.282880330739
201013,6632.885960969523
197853,12155.13555247339
230324,6340.282880330739
212040,525.6240472612724
246170,525.6240472612724
241967,525.6240472612724
188795,525.6240472612724
195096,6340.282880330739
196889,17191.051662585203
244948,525.6240472612724
227629,525.6240472612724
227398,525.6240472612724
189208,525.6240472612724
189342,2631.337193178984
239461,525.6240472612724
241296,525.6240472612724
245501,525.6240472612724
244307,525.6240472612724
240472,525.6240472612724
223696,525.6240472612724
226877,4078.707415809584
235002,4078.707415809584
188164,525.6240472612724
245415,525.6240472612724
208114,2607.3668079201516
166736,525.6240472612724
229221,6340.282880330739
215528,525.6240472612724
242739,525.6240472612724
232195,525.6240472612724
202803,525.6240472612724
161943,525.6240472612724
211108,6381.315460741735
230971,525.6240472612724
237779,525.6240472612724
224442,2607.3668079201516
138798,2607.3668079201516
236177,525.6240472612724
226370,6340.282880330739
237045,525.6240472612724
222693,525.6240472612724
206402,525.6240472612724
207471,22796.98946439345
221885,525.6240472612724
184781,2207.4430114135866
243677,525.6240472612724
239453,525.6240472612724
192495,2607.3668079201516
186869,525.6240472612724
230758,525.6240472612724
215656,525.6240472612724
225051,525.6240472612724
187511,525.6240472612724
170879,525.6240472612724
236166,525.6240472612724
182362,525.6240472612724
245792,525.6240472612724
187837,525.6240472612724
183743,525.6240472612724
245152,525.6240472612724
181149,525.6240472612724
227591,2207.4430114135866
199339,525.6240472612724
230403,525.6240472612724
172077,4032.653008959006
229406,11038.53771585561
152922,4032.653008959006
198348,525.6240472612724
225087,525.6240472612724
170785,525.6240472612724
246400,525.6240472612724
201484,525.6240472612724
197117,6381.315460741735
230485,525.6240472612724
243888,525.6240472612724
223709,525.6240472612724
171816,525.6240472612724
244328,525.6240472612724
177915,525.6240472612724
230453,6558.1974030163165
236209,525.6240472612724
225855,525.6240472612724
243645,525.6240472612724
236292,525.6240472612724
230482,6265.594322377534
218736,2207.4430114135866
204783,525.6240472612724
201401,525.6240472612724
24630,24720.19650666269
233447,525.6240472612724
192201,525.6240472612724
226677,2207.4430114135866
210021,6340.282880330739
230019,525.6240472612724
202482,525.6240472612724
200206,6381.315460741735
208246,525.6240472612724
245542,525.6240472612724
209769,2607.3668079201516
230390,2631.337193178984
240119,525.6240472612724
239479,525.6240472612724
207939,11750.654675149519
243452,525.6240472612724
237324,525.6240472612724
240312,525.6240472612724
234225,525.6240472612724
238806,525.6240472612724
213717,525.6240472612724
230697,525.6240472612724
243945,525.6240472612724
241804,525.6240472612724
230827,525.6240472612724
222775,2607.3668079201516
179551,6381.315460741735
245001,525.6240472612724
242166,525.6240472612724
189067,6265.594322377534
236653,525.6240472612724
245633,525.6240472612724
190981,525.6240472612724
246609,525.6240472612724
238786,525.6240472612724
225151,2631.337193178984
246237,525.6240472612724
203933,525.6240472612724
206297,525.6240472612724
230379,8160.874719072039
208509,4078.707415809584
199780,525.6240472612724
199601,6381.315460741735
177553,6558.1974030163165
220075,525.6240472612724
243203,525.6240472612724
231351,525.6240472612724
237277,525.6240472612724
176048,6265.594322377534
244513,525.6240472612724
241051,525.6240472612724
178750,36767.15684692955
240976,6381.315460741735
234688,525.6240472612724
191006,525.6240472612724
199750,2607.3668079201516
212260,2607.3668079201516
143076,37058.36964717836
246309,525.6240472612724
142962,2207.4430114135866
237108,525.6240472612724
215135,2631.337193178984
236651,525.6240472612724
242134,525.6240472612724
230789,525.6240472612724
201215,6381.315460741735
243778,525.6240472612724
209887,525.6240472612724
241138,525.6240472612724
241872,525.6240472612724
152747,6558.1974030163165
234015,6265.594322377534
53818,525.6240472612724
206115,2631.337193178984
204316,525.6240472612724
200671,2207.4430114135866
162144,525.6240472612724
200527,525.6240472612724
229286,525.6240472612724
241613,525.6240472612724
233793,525.6240472612724
242385,525.6240472612724
216820,6632.885960969523
207633,525.6240472612724
239776,525.6240472612724
224553,525.6240472612724
245421,525.6240472612724
244693,525.6240472612724
204638,11737.346982841826
193698,25049.1975907505
243774,525.6240472612724
233315,525.6240472612724
213317,2631.337193178984
227932,2607.3668079201516
243449,525.6240472612724
214611,525.6240472612724
223726,525.6240472612724
234889,2607.3668079201516
221378,2607.3668079201516
177959,525.6240472612724
190160,525.6240472612724
236826,525.6240472612724
211741,2607.3668079201516
243465,525.6240472612724
245631,525.6240472612724
222204,2607.3668079201516
167512,525.6240472612724
231445,525.6240472612724
244851,525.6240472612724
222422,525.6240472612724
215160,2631.337193178984
214641,525.6240472612724
215459,525.6240472612724
192337,525.6240472612724
178233,525.6240472612724
210108,525.6240472612724
206530,525.6240472612724
241568,525.6240472612724
217805,6381.315460741735
223686,525.6240472612724
234679,525.6240472612724
223427,525.6240472612724
243634,525.6240472612724
224507,525.6240472612724
220685,4078.707415809584
221281,525.6240472612724
232562,2607.3668079201516
208589,525.6240472612724
202107,2631.337193178984
205535,525.6240472612724
244122,525.6240472612724
220636,525.6240472612724
242424,525.6240472612724
220185,525.6240472612724
224488,525.6240472612724
234298,525.6240472612724
239513,525.6240472612724
229864,525.6240472612724
203535,8235.563277025245
244324,525.6240472612724
176628,525.6240472612724
200855,525.6240472612724
204399,11730.463965227835
231865,525.6240472612724
230168,22395.879603455553
193602,2207.4430114135866
201153,23491.489692144532
163757,525.6240472612724
202477,12152.121340019177
224611,525.6240472612724
219709,2207.4430114135866
187225,525.6240472612724
203249,525.6240472612724
222025,525.6240472612724
206536,525.6240472612724
199170,6340.282880330739
176368,525.6240472612724
226179,525.6240472612724
167931,2631.337193178984
194725,525.6240472612724
246234,525.6240472612724
238407,525.6240472612724
243091,525.6240472612724
208614,525.6240472612724
223570,2207.4430114135866
232728,525.6240472612724
221582,2207.4430114135866
212300,4078.707415809584
237539,525.6240472612724
242321,525.6240472612724
242057,525.6240472612724
222352,6340.282880330739
241025,525.6240472612724
229896,2607.3668079201516
215067,2607.3668079201516
180593,2207.4430114135866
184471,525.6240472612724
190614,525.6240472612724
225145,2607.3668079201516
242209,525.6240472612724
222825,4078.707415809584
243539,525.6240472612724
241471,525.6240472612724
242086,525.6240472612724
244318,525.6240472612724
182442,525.6240472612724
229893,525.6240472612724
216269,525.6240472612724
246430,525.6240472612724
223597,8235.563277025245
237765,525.6240472612724
222430,525.6240472612724
215901,6340.282880330739
190491,525.6240472612724
169317,4032.653008959006
163492,6265.594322377534
243795,525.6240472612724
246229,525.6240472612724
240101,525.6240472612724
205460,525.6240472612724
170660,525.6240472612724
234896,525.6240472612724
244286,525.6240472612724
227230,2207.4430114135866
182427,525.6240472612724
214988,2631.337193178984
242862,525.6240472612724
235474,525.6240472612724
240900,6381.315460741735
224164,525.6240472612724
203424,525.6240472612724
215321,2631.337193178984
139296,2607.3668079201516
187035,525.6240472612724
214063,525.6240472612724
233382,525.6240472612724
213228,525.6240472612724
181298,525.6240472612724
189780,525.6240472612724
224149,525.6240472612724
238993,525.6240472612724
208894,525.6240472612724
236737,525.6240472612724
209567,525.6240472612724
53739,6265.594322377534
198261,4032.653008959006
221713,525.6240472612724
213718,2607.3668079201516
238196,525.6240472612724
246593,525.6240472612724
199668,525.6240472612724
241252,525.6240472612724
228221,525.6240472612724
242268,525.6240472612724
183129,6632.885960969523
236375,525.6240472612724
234195,525.6240472612724
240584,525.6240472612724
214600,525.6240472612724
192431,525.6240472612724
178448,2607.3668079201516
228692,525.6240472612724
200223,2631.337193178984
222901,525.6240472612724
243311,525.6240472612724
203159,2207.4430114135866
213837,525.6240472612724
239909,525.6240472612724
238461,525.6240472612724
146701,8160.874719072039
199021,525.6240472612724
235867,525.6240472612724
211717,525.6240472612724
182206,525.6240472612724
219455,8235.563277025245
219133,525.6240472612724
227236,6340.282880330739
243804,525.6240472612724
239631,525.6240472612724
238734,525.6240472612724
238035,525.6240472612724
245571,525.6240472612724
244018,525.6240472612724
212167,525.6240472612724
230381,6306.626902788529
244116,525.6240472612724
200754,4078.707415809584
205588,525.6240472612724
205388,525.6240472612724
244197,525.6240472612724
193886,12138.813647711486
235205,525.6240472612724
207920,6381.315460741735
229537,2631.337193178984
198062,2207.4430114135866
207858,2631.337193178984
232531,525.6240472612724
162198,2607.3668079201516
245464,525.6240472612724
212709,525.6240472612724
204259,11051.845408163303
143121,6558.1974030163165
232003,525.6240472612724
178311,11566.100751909635
230975,525.6240472612724
242535,525.6240472612724
233568,525.6240472612724
212338,525.6240472612724
192371,4032.653008959006
165458,525.6240472612724
206086,525.6240472612724
225810,525.6240472612724
241508,525.6240472612724
238794,8222.714496396193
235151,525.6240472612724
190577,6558.1974030163165
221130,6381.315460741735
183385,2607.3668079201516
164626,2207.4430114135866
226523,525.6240472612724
213922,525.6240472612724
223302,525.6240472612724
178490,525.6240472612724
235126,525.6240472612724
223359,525.6240472612724
232310,6340.282880330739
198164,23690.79040457683
182209,2607.3668079201516
195065,2207.4430114135866
183893,4032.653008959006
207897,525.6240472612724
194781,8235.563277025245
236751,525.6240472612724
240955,525.6240472612724
245706,525.6240472612724
211831,525.6240472612724
214333,525.6240472612724
210029,525.6240472612724
222624,525.6240472612724
217696,525.6240472612724
221503,525.6240472612724
244417,525.6240472612724
225995,2631.337193178984
189910,525.6240472612724
230401,6265.594322377534
176585,525.6240472612724
223537,2631.337193178984
189736,525.6240472612724
159175,6265.594322377534
198474,2631.337193178984
210935,11051.845408163303
242064,525.6240472612724
209618,525.6240472612724
245380,525.6240472612724
209637,525.6240472612724
214622,6340.282880330739
222993,2207.4430114135866
29118,525.6240472612724
230268,525.6240472612724
235597,525.6240472612724
196948,525.6240472612724
119233,525.6240472612724
202491,2631.337193178984
238557,525.6240472612724
235073,525.6240472612724
230320,6265.594322377534
186646,525.6240472612724
238989,525.6240472612724
232847,525.6240472612724
202106,4078.707415809584
244675,525.6240472612724
198196,2631.337193178984
232637,525.6240472612724
230317,6632.885960969523
207502,525.6240472612724
178287,4078.707415809584
186551,2607.3668079201516
194359,6265.594322377534
230464,2207.4430114135866
243865,525.6240472612724
213260,2631.337193178984
235419,525.6240472612724
242312,525.6240472612724
226456,17067.185569675705
162895,26318.09226046794
192165,4032.653008959006
214005,2207.4430114135866
232654,525.6240472612724
28157,525.6240472612724
209669,2631.337193178984
183427,12155.13555247339
245252,525.6240472612724
190569,2631.337193178984
236192,525.6240472612724
246139,525.6240472612724
212807,525.6240472612724
222779,525.6240472612724
238580,525.6240472612724
233606,525.6240472612724
186148,11737.346982841826
228209,525.6240472612724
152961,525.6240472612724
239477,525.6240472612724
222830,525.6240472612724
184176,525.6240472612724
212408,4078.707415809584
200676,525.6240472612724
244709,2607.3668079201516
237682,525.6240472612724
234930,6340.282880330739
238378,525.6240472612724
185316,525.6240472612724
207622,525.6240472612724
225356,6381.315460741735
236621,525.6240472612724
167437,525.6240472612724
241486,4072.846517204434
219409,4078.707415809584
188070,2631.337193178984
244231,525.6240472612724
246284,525.6240472612724
235706,2207.4430114135866
172937,8160.874719072039
228834,525.6240472612724
246113,525.6240472612724
194063,525.6240472612724
242569,525.6240472612724
239493,525.6240472612724
188996,525.6240472612724
182122,525.6240472612724
202786,525.6240472612724
219436,525.6240472612724
211124,6381.315460741735
159520,2607.3668079201516
200316,25049.1975907505
155946,6558.1974030163165
245467,525.6240472612724
240952,525.6240472612724
205999,525.6240472612724
246466,525.6240472612724
239858,525.6240472612724
237385,525.6240472612724
228197,525.6240472612724
239332,525.6240472612724
242458,525.6240472612724
183643,525.6240472612724
201438,2607.3668079201516
208247,525.6240472612724
188305,2207.4430114135866
148634,525.6240472612724
224814,525.6240472612724
223819,525.6240472612724
101317,525.6240472612724
230447,525.6240472612724
242926,525.6240472612724
239196,525.6240472612724
243659,525.6240472612724
241102,525.6240472612724
211234,525.6240472612724
220093,6381.315460741735
244175,525.6240472612724
185239,16249.372871357726
202771,525.6240472612724
221595,525.6240472612724
184229,525.6240472612724
241070,2631.337193178984
239301,2631.337193178984
11381,525.6240472612724
212223,2607.3668079201516
200955,525.6240472612724
226550,525.6240472612724
224013,525.6240472612724
224418,525.6240472612724
186586,525.6240472612724
231997,525.6240472612724
241959,525.6240472612724
209990,2631.337193178984
240633,525.6240472612724
183499,525.6240472612724
218066,6632.885960969523
233225,525.6240472612724
208885,525.6240472612724
227146,525.6240472612724
230930,525.6240472612724
220019,525.6240472612724
244219,525.6240472612724
242028,525.6240472612724
183975,6340.282880330739
231520,525.6240472612724
225368,525.6240472612724
228510,525.6240472612724
186950,525.6240472612724
246450,525.6240472612724
169386,6265.594322377534
232665,6632.885960969523
171318,525.6240472612724
244781,525.6240472612724
202858,6340.282880330739
177981,4032.653008959006
239641,6632.885960969523
189035,525.6240472612724
236923,525.6240472612724
208691,525.6240472612724
230193,525.6240472612724
225999,525.6240472612724
222338,525.6240472612724
213620,6340.282880330739
198489,2607.3668079201516
182802,525.6240472612724
245451,525.6240472612724
173178,525.6240472612724
170039,2631.337193178984
243142,525.6240472612724
238620,525.6240472612724
201111,525.6240472612724
225955,525.6240472612724
207887,2607.3668079201516
208386,525.6240472612724
211513,2631.337193178984
232752,525.6240472612724
245030,525.6240472612724
225711,11737.346982841826
212478,4078.707415809584
242608,525.6240472612724
214746,525.6240472612724
204445,525.6240472612724
186905,6632.885960969523
183145,2607.3668079201516
243172,525.6240472612724
244395,525.6240472612724
202970,525.6240472612724
233520,525.6240472612724
190982,525.6240472612724
201303,6381.315460741735
238344,525.6240472612724
182495,10931.213103734986
213969,525.6240472612724
234911,525.6240472612724
205582,525.6240472612724
183640,2207.4430114135866
232285,525.6240472612724
241607,525.6240472612724
245874,525.6240472612724
220669,525.6240472612724
242431,525.6240472612724
177159,8160.874719072039
243808,525.6240472612724
222988,2631.337193178984
227796,11653.80507113267
240097,525.6240472612724
230341,2631.337193178984
204922,525.6240472612724
211037,525.6240472612724
228889,525.6240472612724
156975,6265.594322377534
204920,2607.3668079201516
232462,525.6240472612724
238651,525.6240472612724
5479,22395.879603455553
210182,525.6240472612724
211537,525.6240472612724
228942,2607.3668079201516
237187,525.6240472612724
242000,525.6240472612724
245268,525.6240472612724
241956,525.6240472612724
181917,525.6240472612724
173444,525.6240472612724
167669,8160.874719072039
239452,525.6240472612724
176345,2631.337193178984
244821,525.6240472612724
204132,525.6240472612724
246194,525.6240472612724
199245,525.6240472612724
163049,525.6240472612724
226775,525.6240472612724
243554,525.6240472612724
211691,525.6240472612724
205972,525.6240472612724
207950,525.6240472612724
245691,525.6240472612724
211556,4078.707415809584
226584,2631.337193178984
214146,2607.3668079201516
229023,525.6240472612724
246617,525.6240472612724
226544,525.6240472612724
244695,525.6240472612724
232541,525.6240472612724
246253,525.6240472612724
236374,525.6240472612724
189271,11760.881061956115
221580,525.6240472612724
237368,525.6240472612724
200718,525.6240472612724
185118,525.6240472612724
204449,525.6240472612724
235700,525.6240472612724
236379,525.6240472612724
210653,2207.4430114135866
201325,11542.566672795347
230457,6381.315460741735
215540,525.6240472612724
205686,2631.337193178984
194122,2207.4430114135866
239331,525.6240472612724
176580,42626.984541544356
232673,525.6240472612724
207428,525.6240472612724
170448,525.6240472612724
236677,525.6240472612724
243981,525.6240472612724
213959,525.6240472612724
243088,525.6240472612724
152621,525.6240472612724
191108,525.6240472612724
220882,525.6240472612724
237201,525.6240472612724
245351,525.6240472612724
228381,525.6240472612724
229269,525.6240472612724
216201,16256.472077706932
216266,11051.845408163303
188337,6381.315460741735
223596,525.6240472612724
212622,42161.734594871814
206077,525.6240472612724
208999,525.6240472612724
235288,525.6240472612724
245437,525.6240472612724
115909,8160.874719072039
224093,525.6240472612724
200253,525.6240472612724
219536,6340.282880330739
181483,4032.653008959006
215147,2207.4430114135866
238363,525.6240472612724
238072,2207.4430114135866
231498,525.6240472612724
223981,525.6240472612724
192560,4078.707415809584
244274,525.6240472612724
202810,525.6240472612724
203256,525.6240472612724
159065,11552.793059601941
223407,525.6240472612724
203793,2631.337193178984
244442,525.6240472612724
243711,525.6240472612724
220912,525.6240472612724
232768,525.6240472612724
220856,525.6240472612724
212991,525.6240472612724
198560,525.6240472612724
240248,525.6240472612724
156903,525.6240472612724
238576,525.6240472612724
192387,42562.78314098413
243664,525.6240472612724
211221,525.6240472612724
45083,4032.653008959006
238831,525.6240472612724
237283,525.6240472612724
224003,2607.3668079201516
188821,525.6240472612724
183823,525.6240472612724
235554,2607.3668079201516
244117,525.6240472612724
244367,525.6240472612724
177782,525.6240472612724
222535,525.6240472612724
242875,525.6240472612724
142998,525.6240472612724
236348,525.6240472612724
243903,6265.594322377534
196983,525.6240472612724
243868,525.6240472612724
193747,42161.734594871814
241993,525.6240472612724
146760,11740.690352034431
244283,525.6240472612724
211953,525.6240472612724
244866,525.6240472612724
191157,525.6240472612724
200458,12168.443244781083
199262,525.6240472612724
207746,2631.337193178984
216799,525.6240472612724
225798,525.6240472612724
191556,525.6240472612724
189117,22785.70711145227
169051,6558.1974030163165
208323,525.6240472612724
193532,16658.97650238861
203328,525.6240472612724
228312,4078.707415809584
243964,525.6240472612724
234611,525.6240472612724
215810,525.6240472612724
239458,525.6240472612724
210303,2631.337193178984
242068,525.6240472612724
182003,525.6240472612724
234568,6620.037180340472
230258,23312.24524952129
110376,8160.874719072039
243602,525.6240472612724
189354,11740.690352034431
216437,8235.563277025245
222715,8235.563277025245
212045,525.6240472612724
243246,525.6240472612724
244090,525.6240472612724
202864,525.6240472612724
234991,525.6240472612724
243240,525.6240472612724
192126,525.6240472612724
231821,525.6240472612724
53050,11542.566672795347
226377,11038.53771585561
228646,525.6240472612724
241100,525.6240472612724
199633,8235.563277025245
161754,10931.213103734986
139443,525.6240472612724
200925,525.6240472612724
226803,4078.707415809584
199482,36790.960355701485
190531,6632.885960969523
205295,6558.1974030163165
202866,525.6240472612724
192838,4078.707415809584
200429,4078.707415809584
183924,525.6240472612724
118646,525.6240472612724
222514,525.6240472612724
214065,525.6240472612724
209658,25275.21929418034
213991,11760.881061956115
187857,525.6240472612724
210401,525.6240472612724
238780,525.6240472612724
208974,525.6240472612724
227754,525.6240472612724
198194,2607.3668079201516
241183,525.6240472612724
243386,525.6240472612724
211105,525.6240472612724
188381,525.6240472612724
244879,525.6240472612724
173734,525.6240472612724
207523,2207.4430114135866
239943,525.6240472612724
243863,2207.4430114135866
178393,6265.594322377534
240196,525.6240472612724
210713,525.6240472612724
216620,525.6240472612724
233269,525.6240472612724
209846,6381.315460741735
209440,2631.337193178984
234763,2207.4430114135866
184283,525.6240472612724
204120,12112.460276777907
190276,4078.707415809584
201508,11737.346982841826
243619,525.6240472612724
184753,525.6240472612724
155533,2607.3668079201516
244754,525.6240472612724
165109,11701.02928879316
222331,6381.315460741735
201877,2631.337193178984
235072,525.6240472612724
244897,525.6240472612724
246037,525.6240472612724
244515,525.6240472612724
231858,525.6240472612724
220654,525.6240472612724
223396,525.6240472612724
203450,525.6240472612724
199487,6381.315460741735
245475,525.6240472612724
235960,525.6240472612724
235521,525.6240472612724
240081,525.6240472612724
178312,525.6240472612724
240208,525.6240472612724
204277,11760.881061956115
244751,525.6240472612724
181849,525.6240472612724
190971,6558.1974030163165
242228,525.6240472612724
246085,525.6240472612724
214661,525.6240472612724
237739,525.6240472612724
243583,525.6240472612724
206485,525.6240472612724
243363,525.6240472612724
200900,525.6240472612724
213011,525.6240472612724
242071,525.6240472612724
223873,525.6240472612724
245487,525.6240472612724
245000,525.6240472612724
233911,525.6240472612724
210016,4078.707415809584
240465,525.6240472612724
235537,525.6240472612724
188336,2207.4430114135866
225199,6632.885960969523
215215,2631.337193178984
234472,525.6240472612724
239306,525.6240472612724
177673,2607.3668079201516
243934,525.6240472612724
213449,525.6240472612724
242484,525.6240472612724
210538,6632.885960969523
240916,525.6240472612724
215592,525.6240472612724
220938,2631.337193178984
177604,11757.012256796337
152690,525.6240472612724
211720,525.6240472612724
220126,525.6240472612724
229530,525.6240472612724
232476,525.6240472612724
139597,2207.4430114135866
223452,525.6240472612724
211785,525.6240472612724
202539,6340.282880330739
138390,525.6240472612724
188540,2631.337193178984
245471,525.6240472612724
244174,525.6240472612724
224250,525.6240472612724
243909,525.6240472612724
244119,525.6240472612724
192274,6381.315460741735
246454,525.6240472612724
214222,525.6240472612724
179855,525.6240472612724
232549,525.6240472612724
232778,525.6240472612724
201986,525.6240472612724
222628,525.6240472612724
239606,525.6240472612724
240391,525.6240472612724
221174,2631.337193178984
244214,525.6240472612724
240968,525.6240472612724
205447,525.6240472612724
215993,525.6240472612724
121980,525.6240472612724
142707,11566.100751909635
200641,11747.57336964842
245524,525.6240472612724
190871,42796.12972258881
165243,525.6240472612724
193091,6340.282880330739
199747,525.6240472612724
203287,525.6240472612724
232370,525.6240472612724
219492,525.6240472612724
173859,525.6240472612724
241208,525.6240472612724
241160,525.6240472612724
158088,2207.4430114135866
228134,525.6240472612724
203668,6381.315460741735
214054,525.6240472612724
220090,2607.3668079201516
157528,2207.4430114135866
240026,525.6240472612724
189975,4032.653008959006
183480,525.6240472612724
200818,2631.337193178984
215927,4078.707415809584
230431,11038.53771585561
242715,525.6240472612724
246114,525.6240472612724
210463,6381.315460741735
228783,525.6240472612724
204385,11038.53771585561
244573,525.6240472612724
228304,525.6240472612724
223369,525.6240472612724
224263,2631.337193178984
226405,525.6240472612724
219466,2207.4430114135866
158293,2607.3668079201516
241765,525.6240472612724
205393,525.6240472612724
242169,525.6240472612724
243014,525.6240472612724
183827,525.6240472612724
242863,525.6240472612724
244089,525.6240472612724
187782,525.6240472612724
163396,525.6240472612724
243316,525.6240472612724
241144,525.6240472612724
203742,525.6240472612724
242764,525.6240472612724
241832,525.6240472612724
186115,6632.885960969523
176540,525.6240472612724
220819,525.6240472612724
184300,525.6240472612724
231243,525.6240472612724
230994,525.6240472612724
145889,2631.337193178984
245452,525.6240472612724
183781,6340.282880330739
153062,2631.337193178984
222185,525.6240472612724
222350,525.6240472612724
189485,4078.707415809584
199594,2607.3668079201516
201519,11760.881061956115
243702,525.6240472612724
152883,2631.337193178984
52306,2631.337193178984
216396,525.6240472612724
236196,525.6240472612724
224589,525.6240472612724
246305,525.6240472612724
188386,525.6240472612724
190460,42741.46606263766
197376,525.6240472612724
184501,8235.563277025245
184288,525.6240472612724
221772,525.6240472612724
230435,4032.653008959006
234228,525.6240472612724
244529,525.6240472612724
228666,6340.282880330739
211362,525.6240472612724
232901,525.6240472612724
238956,525.6240472612724
225589,525.6240472612724
199393,8160.874719072039
237086,2631.337193178984
237414,525.6240472612724
237420,525.6240472612724
209329,6340.282880330739
170815,11740.690352034431
225539,2207.4430114135866
165316,525.6240472612724
205391,6632.885960969523
200914,2207.4430114135866
178007,4032.653008959006
137460,4032.653008959006
242933,525.6240472612724
233085,525.6240472612724
233030,525.6240472612724
182461,525.6240472612724
244228,525.6240472612724
192119,42560.27432236896
239424,525.6240472612724
234994,525.6240472612724
237647,525.6240472612724
217606,525.6240472612724
225456,2631.337193178984
215969,525.6240472612724
234942,525.6240472612724
245583,525.6240472612724
245392,525.6240472612724
199762,525.6240472612724
241117,525.6240472612724
239565,525.6240472612724
193658,525.6240472612724
228073,525.6240472612724
242327,525.6240472612724
240363,525.6240472612724
242591,525.6240472612724
200195,525.6240472612724
225880,4078.707415809584
208638,525.6240472612724
240703,525.6240472612724
233164,525.6240472612724
158625,11701.02928879316
242599,525.6240472612724
238043,525.6240472612724
245785,525.6240472612724
238978,525.6240472612724
233961,525.6240472612724
214559,525.6240472612724
211409,525.6240472612724
200107,2207.4430114135866
242253,525.6240472612724
229261,8235.563277025245
177804,525.6240472612724
243242,525.6240472612724
211489,4078.707415809584
227815,525.6240472612724
204438,525.6240472612724
143107,525.6240472612724
192365,525.6240472612724
244118,525.6240472612724
203850,525.6240472612724
244238,525.6240472612724
193358,525.6240472612724
229327,525.6240472612724
217994,525.6240472612724
232926,2207.4430114135866
202994,525.6240472612724
210802,525.6240472612724
241502,525.6240472612724
229536,525.6240472612724
177571,2607.3668079201516
203544,4078.707415809584
236564,525.6240472612724
219605,525.6240472612724
222173,525.6240472612724
224425,8235.563277025245
190602,525.6240472612724
188377,37693.92833420924
238857,2207.4430114135866
192158,525.6240472612724
237040,525.6240472612724
236548,2631.337193178984
229657,525.6240472612724
237683,525.6240472612724
207613,525.6240472612724
240346,525.6240472612724
225361,525.6240472612724
169461,525.6240472612724
233880,525.6240472612724
204946,525.6240472612724
224789,525.6240472612724
242077,525.6240472612724
220140,525.6240472612724
231591,525.6240472612724
244816,525.6240472612724
230531,2607.3668079201516
207616,2631.337193178984
230263,2607.3668079201516
226000,525.6240472612724
197813,6632.885960969523
233451,525.6240472612724
239548,525.6240472612724
223826,525.6240472612724
188791,525.6240472612724
202220,525.6240472612724
136504,525.6240472612724
49369,11701.02928879316
204125,4078.707415809584
138153,525.6240472612724
158375,2631.337193178984
183820,8160.874719072039
213151,525.6240472612724
244939,525.6240472612724
242079,525.6240472612724
219746,525.6240472612724
240884,525.6240472612724
203570,525.6240472612724
231464,525.6240472612724
214862,2207.4430114135866
208723,525.6240472612724
225450,525.6240472612724
242196,525.6240472612724
222051,525.6240472612724
202814,525.6240472612724
216145,6632.885960969523
193260,525.6240472612724
230526,525.6240472612724
195396,525.6240472612724
240658,525.6240472612724
186422,525.6240472612724
183898,37672.79023897115
240898,6381.315460741735
205215,525.6240472612724
225680,2607.3668079201516
186567,6265.594322377534
238964,525.6240472612724
207904,525.6240472612724
172290,6558.1974030163165
245816,525.6240472612724
232380,525.6240472612724
242923,525.6240472612724
182046,525.6240472612724
177772,525.6240472612724
221587,4078.707415809584
214896,525.6240472612724
211845,525.6240472612724
223695,2631.337193178984
245060,525.6240472612724
219780,525.6240472612724
222485,525.6240472612724
234324,525.6240472612724
137166,525.6240472612724
242401,525.6240472612724
244989,525.6240472612724
183573,525.6240472612724
239981,525.6240472612724
176270,525.6240472612724
183454,525.6240472612724
198330,525.6240472612724
232252,525.6240472612724
242655,525.6240472612724
239181,525.6240472612724
228098,525.6240472612724
183346,6381.315460741735
185394,4032.653008959006
177578,6265.594322377534
243811,525.6240472612724
179884,6306.626902788529
211361,6381.315460741735
221664,525.6240472612724
171994,525.6240472612724
208602,525.6240472612724
207754,525.6240472612724
241963,525.6240472612724
244006,2207.4430114135866
229556,2631.337193178984
208250,4078.707415809584
238545,525.6240472612724
200369,525.6240472612724
111503,525.6240472612724
226541,525.6240472612724
201026,525.6240472612724
231556,525.6240472612724
181459,4032.653008959006
229742,525.6240472612724
229643,525.6240472612724
208014,525.6240472612724
235514,525.6240472612724
190995,525.6240472612724
213433,4078.707415809584
239818,11737.346982841826
216746,525.6240472612724
193247,6340.282880330739
208477,525.6240472612724
240665,525.6240472612724
244377,525.6240472612724
229127,525.6240472612724
228517,525.6240472612724
197242,11038.53771585561
234297,525.6240472612724
227127,8235.563277025245
239907,2207.4430114135866
188414,8160.874719072039
222104,525.6240472612724
243646,525.6240472612724
245223,525.6240472612724
198129,8235.563277025245
238005,525.6240472612724
199987,23456.625803255643
189713,2207.4430114135866
199284,525.6240472612724
178310,525.6240472612724
202243,525.6240472612724
201163,525.6240472612724
54050,11711.255675599756
53302,24897.154209404533
244201,525.6240472612724
198103,525.6240472612724
232879,525.6240472612724
243685,525.6240472612724
167936,4032.653008959006
202263,525.6240472612724
238684,525.6240472612724
233679,525.6240472612724
8205,2207.4430114135866
174670,525.6240472612724
231298,525.6240472612724
208505,2607.3668079201516
20699,525.6240472612724
229522,2207.4430114135866
233088,525.6240472612724
242315,525.6240472612724
184599,525.6240472612724
245338,525.6240472612724
212960,525.6240472612724
245009,525.6240472612724
177790,2207.4430114135866
178713,525.6240472612724
244947,525.6240472612724
203363,525.6240472612724
235481,525.6240472612724
205351,6340.282880330739
229380,525.6240472612724
226127,525.6240472612724
230646,525.6240472612724
187517,8235.563277025245
227921,2207.4430114135866
220123,525.6240472612724
242392,525.6240472612724
218214,525.6240472612724
226650,525.6240472612724
216245,525.6240472612724
206518,2631.337193178984
227920,525.6240472612724
197424,525.6240472612724
159578,525.6240472612724
194946,525.6240472612724
243700,525.6240472612724
226390,525.6240472612724
209610,6558.1974030163165
241032,525.6240472612724
158902,2207.4430114135866
222355,525.6240472612724
243631,525.6240472612724
228777,4078.707415809584
210883,525.6240472612724
230413,525.6240472612724
199683,2207.4430114135866
210047,6381.315460741735
199792,4078.707415809584
189462,6340.282880330739
204220,525.6240472612724
179931,525.6240472612724
192906,6265.594322377534
216981,525.6240472612724
186695,2607.3668079201516
221053,525.6240472612724
209572,525.6240472612724
150995,525.6240472612724
239841,2207.4430114135866
197083,11542.566672795347
242048,525.6240472612724
186753,525.6240472612724
172287,10944.52079604268
223188,6340.282880330739
227573,525.6240472612724
232291,525.6240472612724
232919,525.6240472612724
190555,2607.3668079201516
192678,11737.346982841826
226521,525.6240472612724
215157,2631.337193178984
242189,525.6240472612724
222647,525.6240472612724
235161,525.6240472612724
238942,525.6240472612724
202493,8235.563277025245
190093,2607.3668079201516
237127,525.6240472612724
189300,2631.337193178984
244602,525.6240472612724
192598,11747.57336964842
205701,2207.4430114135866
244491,525.6240472612724
231512,525.6240472612724
201873,525.6240472612724
221890,2207.4430114135866
225849,525.6240472612724
235549,525.6240472612724
183524,525.6240472612724
204250,2631.337193178984
165269,525.6240472612724
211265,2631.337193178984
164854,525.6240472612724
232225,525.6240472612724
189868,525.6240472612724
244107,525.6240472612724
192824,2607.3668079201516
232784,525.6240472612724
208457,525.6240472612724
155862,42626.984541544356
225176,525.6240472612724
223030,2207.4430114135866
153079,42796.12972258881
241559,525.6240472612724
216076,2607.3668079201516
244647,525.6240472612724
232678,525.6240472612724
225121,525.6240472612724
237139,525.6240472612724
199157,6340.282880330739
207836,525.6240472612724
239952,525.6240472612724
242662,525.6240472612724
233222,525.6240472612724
243230,525.6240472612724
208099,2631.337193178984
242726,525.6240472612724
212644,525.6240472612724
231270,525.6240472612724
205941,525.6240472612724
240990,525.6240472612724
229666,525.6240472612724
209018,525.6240472612724
211017,4078.707415809584
168253,2207.4430114135866
239930,525.6240472612724
221611,525.6240472612724
213434,525.6240472612724
201455,22831.853353282335
207580,525.6240472612724
203551,23791.09926574749
218381,525.6240472612724
208122,525.6240472612724
225584,525.6240472612724
237982,525.6240472612724
218633,525.6240472612724
224368,2607.3668079201516
235891,525.6240472612724
242144,525.6240472612724
140029,2607.3668079201516
219561,525.6240472612724
228690,525.6240472612724
16,2607.3668079201516
190456,11760.881061956115
215228,6340.282880330739
162899,525.6240472612724
223953,525.6240472612724
179725,525.6240472612724
238682,525.6240472612724
196151,2607.3668079201516
207824,525.6240472612724
219684,525.6240472612724
244069,525.6240472612724
242200,525.6240472612724
213629,8235.563277025245
209162,525.6240472612724
220609,4078.707415809584
244257,525.6240472612724
245818,525.6240472612724
176009,6306.626902788529
244504,525.6240472612724
229860,525.6240472612724
227526,525.6240472612724
206408,525.6240472612724
243251,525.6240472612724
220128,2207.4430114135866
230357,525.6240472612724
233954,525.6240472612724
223868,525.6240472612724
243442,525.6240472612724
235026,525.6240472612724
238360,525.6240472612724
230829,525.6240472612724
192938,2207.4430114135866
212204,6381.315460741735
234747,525.6240472612724
226162,2631.337193178984
233067,525.6240472612724
145014,525.6240472612724
211848,525.6240472612724
245363,525.6240472612724
241477,525.6240472612724
240105,525.6240472612724
227682,525.6240472612724
227274,2207.4430114135866
241498,525.6240472612724
219693,11038.53771585561
219527,525.6240472612724
207898,525.6240472612724
229818,525.6240472612724
219886,525.6240472612724
214911,525.6240472612724
191202,37452.37344712569
210450,6632.885960969523
233601,6340.282880330739
199578,525.6240472612724
235046,525.6240472612724
239382,525.6240472612724
236788,525.6240472612724
210833,2207.4430114135866
241342,525.6240472612724
214421,4078.707415809584
215971,525.6240472612724
188793,525.6240472612724
187265,2207.4430114135866
232267,525.6240472612724
138180,525.6240472612724
209371,525.6240472612724
245332,525.6240472612724
240123,525.6240472612724
209423,2207.4430114135866
187038,2207.4430114135866
238873,525.6240472612724
236342,525.6240472612724
229882,525.6240472612724
184527,525.6240472612724
222273,525.6240472612724
192471,525.6240472612724
190636,4078.707415809584
223823,525.6240472612724
240258,525.6240472612724
238683,525.6240472612724
200087,525.6240472612724
230303,525.6240472612724
243127,525.6240472612724
222129,525.6240472612724
155524,525.6240472612724
206585,25194.819182381234
231711,525.6240472612724
200318,12141.89495321258
245261,2631.337193178984
209413,525.6240472612724
211723,2607.3668079201516
228642,525.6240472612724
233505,525.6240472612724
229900,525.6240472612724
245172,525.6240472612724
239957,525.6240472612724
226601,6632.885960969523
172871,42615.48930344912
241670,2207.4430114135866
145758,525.6240472612724
244402,525.6240472612724
237524,525.6240472612724
160309,525.6240472612724
189377,525.6240472612724
246179,525.6240472612724
240650,525.6240472612724
173518,2607.3668079201516
219953,6632.885960969523
230465,6381.315460741735
202841,525.6240472612724
164994,6265.594322377534
220841,525.6240472612724
238103,525.6240472612724
216048,525.6240472612724
233123,525.6240472612724
205498,37670.28142035599
239454,525.6240472612724
194998,525.6240472612724
244170,525.6240472612724
237832,525.6240472612724
203965,8235.563277025245
203736,2631.337193178984
242430,525.6240472612724
240791,525.6240472612724
243881,525.6240472612724
237766,2207.4430114135866
243321,525.6240472612724
241014,525.6240472612724
236382,2207.4430114135866
236961,525.6240472612724
219985,12112.460276777907
184084,525.6240472612724
181699,525.6240472612724
184845,525.6240472612724
242872,525.6240472612724
237231,525.6240472612724
237361,525.6240472612724
128529,525.6240472612724
234004,525.6240472612724
229845,525.6240472612724
207895,525.6240472612724
213521,525.6240472612724
226844,525.6240472612724
186887,525.6240472612724
225270,525.6240472612724
170923,6265.594322377534
242553,525.6240472612724
237793,525.6240472612724
245603,525.6240472612724
189828,525.6240472612724
228171,525.6240472612724
245540,525.6240472612724
222156,525.6240472612724
164,2207.4430114135866
10466,525.6240472612724
220633,6632.885960969523
242391,525.6240472612724
245171,525.6240472612724
242545,525.6240472612724
187939,6265.594322377534
244467,525.6240472612724
238643,525.6240472612724
206208,525.6240472612724
244512,525.6240472612724
230513,4032.653008959006
242767,525.6240472612724
240756,525.6240472612724
188000,2207.4430114135866
223125,525.6240472612724
235626,525.6240472612724
207877,17055.903216734532
179891,4032.653008959006
209737,525.6240472612724
209281,2207.4430114135866
200888,25049.1975907505
186845,525.6240472612724
193581,2607.3668079201516
242257,525.6240472612724
198350,2607.3668079201516
204320,2607.3668079201516
227746,525.6240472612724
205518,525.6240472612724
201112,525.6240472612724
227686,525.6240472612724
137242,2631.337193178984
241401,525.6240472612724
209781,6306.626902788529
163774,525.6240472612724
205485,525.6240472612724
189160,525.6240472612724
234642,4078.707415809584
142959,6558.1974030163165
225355,525.6240472612724
213884,4078.707415809584
244416,525.6240472612724
171897,23277.381360632397
175316,525.6240472612724
241720,2607.3668079201516
200713,2607.3668079201516
209691,2607.3668079201516
235237,525.6240472612724
169593,2607.3668079201516
243746,525.6240472612724
129566,525.6240472612724
196072,525.6240472612724
223438,525.6240472612724
244113,525.6240472612724
232094,525.6240472612724
53855,525.6240472612724
243466,525.6240472612724
226539,4078.707415809584
238877,525.6240472612724
186190,6632.885960969523
244102,525.6240472612724
237753,525.6240472612724
177129,525.6240472612724
238089,525.6240472612724
211792,525.6240472612724
211283,525.6240472612724
227418,525.6240472612724
239860,525.6240472612724
157801,525.6240472612724
156443,2207.4430114135866
241356,525.6240472612724
229508,525.6240472612724
172208,2207.4430114135866
177645,525.6240472612724
237316,525.6240472612724
230044,525.6240472612724
229118,525.6240472612724
236265,525.6240472612724
183188,4032.653008959006
241115,525.6240472612724
187988,2631.337193178984
165447,525.6240472612724
205988,12155.13555247339
168542,42796.12972258881
230490,525.6240472612724
232698,525.6240472612724
240891,525.6240472612724
182001,6306.626902788529
202750,8235.563277025245
226757,525.6240472612724
230438,525.6240472612724
143632,6265.594322377534
171971,525.6240472612724
229500,525.6240472612724
118794,525.6240472612724
229209,2207.4430114135866
201982,6340.282880330739
214719,525.6240472612724
176687,6265.594322377534
214462,4078.707415809584
192242,6381.315460741735
218662,525.6240472612724
186565,525.6240472612724
245522,525.6240472612724
234106,525.6240472612724
124607,6306.626902788529
234239,525.6240472612724
22391,525.6240472612724
229317,525.6240472612724
237875,525.6240472612724
240466,525.6240472612724
216154,525.6240472612724
208371,525.6240472612724
231437,525.6240472612724
237308,525.6240472612724
222464,2607.3668079201516
193147,2607.3668079201516
213400,11051.845408163303
231722,525.6240472612724
211565,525.6240472612724
245256,525.6240472612724
240396,525.6240472612724
241519,525.6240472612724
228044,525.6240472612724
208316,525.6240472612724
218985,525.6240472612724
182763,2631.337193178984
232944,525.6240472612724
241162,2207.4430114135866
214703,525.6240472612724
164618,525.6240472612724
234372,525.6240472612724
229599,525.6240472612724
239965,525.6240472612724
216939,6381.315460741735
183533,525.6240472612724
205548,525.6240472612724
245438,525.6240472612724
242512,525.6240472612724
192708,8235.563277025245
235176,2631.337193178984
243156,525.6240472612724
222181,525.6240472612724
203309,525.6240472612724
181976,525.6240472612724
238562,525.6240472612724
206219,525.6240472612724
243590,525.6240472612724
243763,525.6240472612724
225486,525.6240472612724
215270,6381.315460741735
189206,525.6240472612724
186122,525.6240472612724
167452,2607.3668079201516
176996,525.6240472612724
223933,525.6240472612724
228768,525.6240472612724
225436,525.6240472612724
229748,2207.4430114135866
114356,525.6240472612724
208808,26059.948078428013
214409,2607.3668079201516
156421,2207.4430114135866
186146,8235.563277025245
245616,525.6240472612724
193080,42669.33679584321
238235,525.6240472612724
239972,525.6240472612724
241179,525.6240472612724
221824,525.6240472612724
246325,525.6240472612724
242172,525.6240472612724
244725,525.6240472612724
204289,2607.3668079201516
236001,525.6240472612724
228713,525.6240472612724
204882,525.6240472612724
231691,11012.652571590195
220746,8235.563277025245
209375,525.6240472612724
208306,4078.707415809584
181006,2607.3668079201516
244727,525.6240472612724
164029,11552.793059601941
234710,525.6240472612724
239676,525.6240472612724
237218,525.6240472612724
244690,525.6240472612724
214147,525.6240472612724
207860,525.6240472612724
173434,2607.3668079201516
234492,525.6240472612724
244663,525.6240472612724
234989,525.6240472612724
238449,525.6240472612724
235815,525.6240472612724
188696,2607.3668079201516
242692,525.6240472612724
239367,525.6240472612724
209723,4078.707415809584
242969,525.6240472612724
231701,525.6240472612724
196932,4078.707415809584
165888,525.6240472612724
228624,525.6240472612724
185221,24921.438747176922
189715,4078.707415809584
232670,6265.594322377534
243683,525.6240472612724
168435,22395.879603455553
243800,525.6240472612724
235590,525.6240472612724
219701,525.6240472612724
210320,4078.707415809584
216229,525.6240472612724
202915,525.6240472612724
241962,525.6240472612724
228251,11038.53771585561
236772,525.6240472612724
243315,525.6240472612724
216387,525.6240472612724
165564,525.6240472612724
241332,525.6240472612724
227052,525.6240472612724
213690,525.6240472612724
197300,2607.3668079201516
163201,525.6240472612724
219814,2607.3668079201516
232756,525.6240472612724
244505,525.6240472612724
187013,2631.337193178984
224987,2607.3668079201516
238555,2631.337193178984
204203,525.6240472612724
235334,525.6240472612724
192611,525.6240472612724
245318,525.6240472612724
203292,525.6240472612724
186589,8235.563277025245
237032,525.6240472612724
245773,525.6240472612724
200610,16765.296528413433
220944,525.6240472612724
243747,525.6240472612724
209874,2207.4430114135866
203263,22955.719446191844
220901,2207.4430114135866
237133,525.6240472612724
224067,525.6240472612724
177922,4032.653008959006
245525,525.6240472612724
227949,525.6240472612724
176773,2207.4430114135866
232512,2607.3668079201516
